INSERT INTO author (authorId, author1, author2, author3, author4) VALUES
  (1, 'Lubos Krnac', NULL, NULL, NULL),
  (2, 'Felipe Gutierrez', NULL, NULL, NULL),
  (3, 'Felipe Gutierrez', NULL, NULL, NULL),
  (4, 'Felipe Gutierrez', NULL, NULL, NULL),
  (5, 'Moises Macero', NULL, NULL, NULL),
  (6, 'Sarcar Vaskaran', NULL, NULL, NULL),
  (7, 'Sarcar Vaskaran', NULL, NULL, NULL),
  (8, 'Erik Ostermuller', NULL, NULL, NULL),
  (9, 'John Dooley', NULL, NULL, NULL),
  (10, 'Robert Fisher', NULL, NULL, NULL),
  (11, 'Terril	Brett Spell', NULL, NULL, NULL),
  (12, 'Brent Wason', NULL, NULL, NULL),
  (13, 'Sharan Kishori', NULL, NULL, NULL),
  (14, 'Jeff Friesen', NULL, NULL, NULL),
  (15, 'Juneau Josh', NULL, NULL, NULL),
  (16, 'Michael Muller', NULL, NULL, NULL),
  (17, 'Sharan Kishori', NULL, NULL, NULL),
  (18, 'Jecan Alexandru', NULL, NULL, NULL),
  (19, 'Sharan Kishori', NULL, NULL, NULL),
  (20, 'Jenny Vos', NULL, NULL, NULL),
  (21, 'Jeff Friesen', NULL, NULL, NULL),
  (22, 'Andrea Maglie', NULL, NULL, NULL),
  (23, 'Jeff Friesen', NULL, NULL, NULL),
  (24, 'Varshney Shekhar', NULL, NULL, NULL),
  (25, 'Jorge Acetozi', NULL, NULL, NULL),
  (26, 'Michael Muller', NULL, NULL, NULL),
  (27, 'Cheng Fu', NULL, NULL, NULL),
  (28, 'Adam Devis', NULL, NULL, NULL),
  (29, 'Pierluigi Riti', NULL, NULL, NULL),
  (30, 'Toby Weston', NULL, NULL, NULL),
  (31, 'Balaj Belida Varanasi', NULL, NULL, NULL),
  (32, 'Marten Deinum', 'Daniel Rubio', 'Josh Long', NULL),
  (33, 'Robert Harrop', 'Iva Cosmina', NULL, NULL),
  (34, 'Prasad Reddy', 'Krishnaburat Siva', NULL, NULL),
  (35, 'Dea Connel', 'Gerthan Pereda', 'Jeremy Phillips', 'Samuel Heckler'),
  (36, 'Gary Mac', 'Srinivas  Guruzu', 'Joseph Ottinger', NULL),
  (37, 'Paul Fisher', 'Brian Murphy', NULL, NULL),
  (38, 'Mike Keith', 'Merrick Schincariol', 'Massimo Nardone', NULL),
  (39, 'Dave Wolf', 'A.J. Henley', NULL, NULL),
  (41, 'jdbcInsert', NULL, NULL, NULL),
  (42, 'test', NULL, NULL, NULL);


INSERT INTO book (bookId, coverImage, price, bookTitle, categoryId, publisher, ISBN, lang, details, authorId, bookQuantity, inventoryStock) VALUES
  (1, 'ISBN 978-1-4842-0793-2', 37.95, 'Pivotal Certified Spring Enterprise Integration Specialist Exam A Study Guide', 1, 'Apress', 'ISBN 978-1-4842-0793-2', 'English', ' ', 1, 1, NULL),
  (2, 'ISBN 978-1-4842-1224-0', 29.99, 'Spring Boot Messaging Messaging APIs for Enterprise and Integration Solutions', 1, 'Apress', 'ISBN 978-1-4842-1224-0', 'English', ' ', 2, 1, NULL),
  (3, 'ISBN 978-1-4842-1240-0', 37.95, 'Spring Cloud Data Flow Native Cloud Orchestration Services for Microservice Applications on Modern Runtimes', 1, 'Apress', 'ISBN 978-1-4842-1240-0', 'English', ' ', 3, 1, NULL),
  (4, 'ISBN 978-1-4842-1431-2', 33.95, 'Pro Spring Boot', 1, 'Apress', 'ISBN 978-1-4842-1431-2', 'English', ' ', 4, 1, NULL),
  (5, 'ISBN 978-1-4842-3165-4', 15.46, 'Learn Microservices with Spring Boot A Practical Approach to RESTful Services using RabbitMQ, Eureka, Ribbon, Zuul and Cucumber', 1, 'Apress', 'ISBN 978-1-4842-3165-4', 'English', ' ', 5, 1, NULL),
  (6, 'ISBN 978-1-4842-1802-0', 24.99, 'Java Design Patterns', 2, 'Apress', 'ISBN 978-1-4842-1802-0', 'English', ' ', 6, 1, NULL),
  (7, 'ISBN 978-1-4842-2544-8', 20.22, 'Interactive Object Oriented Programming in Java Learn and Test Your Skills', 2, 'Apress', 'ISBN 978-1-4842-2544-8', 'English', ' ', 7, 1, NULL),
  (8, 'ISBN 978-1-4842-2979-8', 36.99, 'Troubleshooting Java Performance Detecting Anti-Patterns with Open Source Tools', 2, 'Apress', 'ISBN 978-1-4842-2979-8', 'English', ' ', 8, 1, NULL),
  (9, 'ISBN 978-1-4842-3153-1', 29.74, 'Software Development, Design and Coding With Patterns, Debugging, Unit Testing, and Refactoring', 2, 'Apress', 'ISBN 978-1-4842-3153-1', 'English', ' ', 9, 1, NULL),
  (10, 'ISBN 978-1-4302-5999-2', 37.95, 'Java Closures and Lambda', 3, 'Apress', 'ISBN 978-1-4302-5999-2', 'English', ' ', 10, 1, NULL),
  (11, 'ISBN 978-1-4842-0641-6', 44.95, 'Pro Java 8 Programming', 3, 'Apress', 'ISBN 978-1-4842-0641-6', 'English', ' ', 11, 1, NULL),
  (12, 'ISBN 978-1-4842-0980-6', 18.95, 'Stripes by Example', 3, 'Apress', 'ISBN 978-1-4842-0980-6', 'English', ' ', 12, 1, NULL),
  (13, 'ISBN 978-1-4842-1142-7', 44.95, 'Learn JavaFX 8 Building User Experience and Interfaces with Java 8', 3, 'Apress', 'ISBN 978-1-4842-1142-7', 'English', ' ', 13, 1, NULL),
  (14, 'ISBN 978-1-4842-1565-4', 39.99, 'Java I/O, NIO and NIO.2', 3, 'Apress', 'ISBN 978-1-4842-1565-4', 'English', ' ', 14, 1, NULL),
  (15, 'ISBN 978-1-4842-1976-8', 35.69, 'Java 9 Recipes, A Problem-Solution Approach', 3, 'Apress', 'ISBN 978-1-4842-1976-8', 'English', ' ', 15, 1, NULL),
  (16, 'ISBN 978-1-4842-2487-8', 14.99, 'Java Lambdas and Parallel Streams', 3, 'Apress', 'ISBN 978-1-4842-2487-8', 'English', ' ', 16, 1, NULL),
  (17, 'ISBN 978-1-4842-2592-9', 29.74, 'Java 9 Revealed', 3, 'Apress', 'ISBN 978-1-4842-2592-9', 'English', ' ', 17, 1, NULL),
  (18, 'ISBN 978-1-4842-2713-8', 24.99, 'Java 9 Modularity Revealed Project Jigsaw and Scalable Java Applications', 3, 'Apress', 'ISBN 978-1-4842-2713-8', 'English', ' ', 18, 1, NULL),
  (19, 'ISBN 978-1-4842-2902-6', 32.99, 'Beginning Java 9 Fundamentals Arrays, Objects, Modules, JShell, and Regular Expressions', 3, 'Apress', 'ISBN 978-1-4842-2902-6', 'English', ' ', 19, 1, NULL),
  (20, 'ISBN 978-1-4842-3042-8', 35.69, 'Pro JavaFX 9 A Definitive Guide to Building Desktop, Mobile, and Embedded Java Clients', 3, 'Apress', 'ISBN 978-1-4842-3042-8', 'English', ' ', 20, 1, NULL),
  (21, 'ISBN 978-1-4842-1700-9', 19.99, 'Java Threads and the Concurrency Utilities', 4, 'Apress', 'ISBN 978-1-4842-1700-9', 'English', ' ', 21, 1, NULL),
  (22, 'ISBN 978-1-4842-1428-2', 16.99, 'Reactive Java Programming', 6, 'Apress', 'ISBN 978-1-4842-1428-2', 'English', ' ', 22, 1, NULL),
  (23, 'ISBN 978-1-4842-1916-4', 24.99, 'Java XML and JSON', 6, 'Apress', 'ISBN 978-1-4842-1916-4', 'English', ' ', 23, 1, NULL),
  (24, 'ISBN 978-1-4842-2520-2', 32.12, 'Building Trading Bots Using Java', 6, 'Apress', 'ISBN 978-1-4842-2520-2', 'English', ' ', 24, 1, NULL),
  (25, 'ISBN 978-1-4842-2985-9', 29.74, 'Pro Java Clustering and Scalability Building Real-Time Apps with Spring, Cassandra, Redis, WebSocket and RabbitMQ', 6, 'Apress', 'ISBN 978-1-4842-2985-9', 'English', ' ', 25, 1, NULL),
  (26, 'ISBN 978-1-4842-3030-5', 34.99, 'Practical JSF in Java EE 8 Web Applications ​in Java for the Enterprise', 6, 'Apress', 'ISBN 978-1-4842-3030-5', 'English', ' ', 26, 1, NULL),
  (27, 'ISBN 978-1-4842-3330-6', 26.99, 'Exploring Java 9 Build Modularized Applications in Java', 6, 'Apress', 'ISBN 978-1-4842-3330-6', 'English', ' ', 27, 1, NULL),
  (28, 'ISBN 978-1-4842-2490-8', 15.46, 'Modern Programming Made Easy Using Java, Scala, Groovy, and JavaScript', 8, 'Apress', 'ISBN 978-1-4842-2490-8', 'English', ' ', 28, 1, NULL),
  (29, 'ISBN 978-1-4842-3036-7', 35.69, 'Practical Scala DSLs Real-World Applications Using Domain Specific Languages', 8, 'Apress', 'ISBN 978-1-4842-3036-7', 'English', ' ', 29, 1, NULL),
  (30, 'ISBN 978-1-4842-3108-1', 19.99, 'Scala for Java Developers A Practical Primer', 8, 'Apress', 'ISBN 978-1-4842-3108-1', 'English', ' ', 30, 1, NULL),
  (31, 'ISBN 978-1-4842-0823-6', 37.95, 'Spring REST', 9, 'Apress', 'ISBN 978-1-4842-0823-6', 'English', ' ', 31, 1, NULL),
  (32, 'ISBN 978-1-4842-2790-9', 44.99, 'Spring 5 Recipes A Problem-Solution Approach', 1, 'Apress', 'ISBN 978-1-4842-2790-9', 'English', ' ', 32, 1, NULL),
  (33, 'ISBN 978-1-4842-2808-1', 35.69, 'Pro Spring 5 An In-Depth Guide to the Spring Framework and Its Tools', 1, 'Apress', 'ISBN 978-1-4842-2808-1', 'English', ' ', 33, 1, NULL),
  (34, 'ISBN 978-1-4842-2931-6', 29.74, 'Beginning Spring Boot 2 Applications and Microservices with the Spring Framework', 1, 'Apress', 'ISBN 978-1-4842-2931-6', 'English', ' ', 34, 1, NULL),
  (35, 'ISBN 978-1-4842-1961-4', 29.74, 'JavaFX 9 by Example', 3, 'Apress', 'ISBN 978-1-4842-1961-4', 'English', ' ', 35, 1, NULL),
  (36, 'ISBN 978-1-4842-0127-5', 29.95, 'Hibernate Recipes A Problem-Solution Approach', 5, 'Apress', 'ISBN 978-1-4842-0127-5', 'English', ' ', 36, 1, NULL),
  (37, 'ISBN 978-1-4842-0268-5', 29.99, 'Spring Persistence with Hibernate', 5, 'Apress', 'ISBN 978-1-4842-0268-5', 'English', ' ', 37, 1, NULL),
  (38, 'ISBN 978-1-4842-3419-8', 46.99, 'Pro JPA 2 in Java EE 8 An In-Depth Guide to Java Persistence APIs', 5, 'Apress', 'ISBN 978-1-4842-3419-8', 'English', ' ', 38, 1, NULL),
  (39, 'ISBN 978-1-4842-3195-1', 15.46, 'Java EE Web Application Primer Building Bullhorn: A Messaging App with JSP, Servlets, JavaScript, Bootstrap and Oracle', 6, 'Apress', 'ISBN 978-1-4842-3195-1', 'English', ' ', 39, 1, NULL),
  (40, NULL, 50.2, 'test', 11, 'test', 'test', 'test', 'test', 42, NULL, NULL);


INSERT INTO bookxauthor (bookId, authorId, id) VALUES
  (1, 1, 1),
  (2, 2, 2),
  (3, 3, 3),
  (4, 4, 4),
  (5, 5, 5),
  (6, 6, 6),
  (7, 7, 7),
  (8, 8, 8),
  (9, 9, 9),
  (10, 10, 10),
  (11, 11, 11),
  (12, 12, 12),
  (13, 13, 13),
  (14, 14, 14),
  (15, 15, 15),
  (16, 16, 16),
  (17, 17, 17),
  (18, 18, 18),
  (19, 19, 19),
  (20, 20, 20),
  (21, 21, 21),
  (22, 22, 22),
  (23, 23, 23),
  (24, 24, 24),
  (25, 25, 25),
  (26, 26, 26),
  (27, 27, 27),
  (28, 28, 28),
  (29, 29, 29),
  (30, 30, 30),
  (31, 31, 31),
  (32, 32, 32),
  (33, 33, 33),
  (34, 34, 34),
  (35, 35, 35),
  (36, 36, 36),
  (37, 37, 37),
  (38, 38, 38),
  (39, 39, 39);


INSERT INTO category (categoryId, category) VALUES
  (1, 'Spring'),
  (2, 'OOP and Patterns'),
  (3, 'Java SE'),
  (4, 'Multithreading'),
  (5, 'Hibernate'),
  (6, 'Java EE'),
  (7, 'Testing'),
  (8, 'Scala'),
  (9, 'REST'),
  (10, 'test'),
  (11, 'test');


INSERT INTO customer (customerId, firstName, lastName, address, city, zip, country, phoneHome, phoneMobile, email, login) VALUES
  (1, 'Vitalii', 'Rubezhanskii', 'Hv. Shyronintsev,67', 'Kharkov', 61100, 'Ukraine', '', +380502788594, 'vitalii.rubezhanskii@gmail.com', 'mkyong'),
  (2, 'Sergey', 'Rubezhanskii', 'Vesnyana 38', 'Burluk', 61110, 'Ukraine', '', +380502788531, 'sergey.rubezhanskii@gmail.com', 'sergey'),
  (6, 'Denis', 'Petrov', 'Pavlovka', 'Kharkov', 61000, 'Ukraine', 502788594, 502788594, 'Vitalii.Rubezhanskii@gmail.com', NULL);


INSERT INTO users (username, password, enabled, role) VALUES
  ('admin', '$2a$10$EblZqNptyYvcLm/VwDCVAuBjzZOI7khzdyGPBr08PpIi0na624b8.', 1, 'ROLE_USER'),
  ('Vitalii', '$2a$10$TOKiNP5wXzYCzR3x4qPJ8uEj8qByzoQb6WPhCLJ9DQo5yrW8DRi4S', 1, NULL);

INSERT INTO user_roles (user_role_id, username, role) VALUES
  (2, 'admin', 'ROLE_ADMIN'),
  (1, 'admin', 'ROLE_USER'),
  (6, 'Vitalii', 'ROLE_USER');